{"train/kl":0.0004533131917317708,"_runtime":466.834114758,"train/global_step":2,"train/grad_norm":2.537585973739624,"train/ave_tool_num":0.6458333333333335,"train/loss":0,"train/epoch":0.05660377358490566,"train/rewards/accuracy_reward":0.15972222511967024,"train/reward":0.15972222511967024,"_step":1,"train/learning_rate":1e-06,"_wandb":{"runtime":599},"train/completion_length":81.36111354827881,"_timestamp":1.7451313811914196e+09,"train/reward_std":0.28800398980577785}